{"stats":{"minecraft:used":{"minecraft:cooked_mutton":3,"minecraft:wooden_axe":8,"minecraft:stone_pickaxe":10,"minecraft:wooden_pickaxe":7,"minecraft:stone_axe":38,"minecraft:crafting_table":4,"minecraft:furnace":1,"minecraft:white_bed":1},"minecraft:picked_up":{"minecraft:birch_log":18,"minecraft:crafting_table":2,"minecraft:feather":1,"minecraft:chicken":3,"minecraft:birch_planks":7,"minecraft:dirt":1,"minecraft:cooked_mutton":1,"minecraft:rotten_flesh":1,"minecraft:mutton":8,"minecraft:white_wool":5,"minecraft:cobblestone":14,"minecraft:furnace":1},"minecraft:dropped":{"minecraft:cooked_mutton":3,"minecraft:birch_log":5},"minecraft:killed":{"minecraft:sheep":5,"minecraft:zombie":5,"minecraft:chicken":3,"minecraft:creeper":2},"minecraft:custom":{"minecraft:time_since_rest":2433,"minecraft:interact_with_furnace":10,"minecraft:sprint_one_cm":38909,"minecraft:damage_taken":531,"minecraft:walk_one_cm":41775,"minecraft:mob_kills":15,"minecraft:drop":4,"minecraft:damage_dealt":1860,"minecraft:interact_with_crafting_table":7,"minecraft:fly_one_cm":39849,"minecraft:player_kills":1,"minecraft:crouch_one_cm":3704,"minecraft:play_time":10808,"minecraft:deaths":1,"minecraft:sneak_time":1787,"minecraft:jump":188,"minecraft:time_since_death":5369,"minecraft:walk_on_water_one_cm":269,"minecraft:sleep_in_bed":1,"minecraft:total_world_time":10808,"minecraft:fall_one_cm":3772},"minecraft:mined":{"minecraft:furnace":1,"minecraft:birch_log":17,"minecraft:birch_leaves":4,"minecraft:crafting_table":2,"minecraft:short_grass":1,"minecraft:grass_block":1,"minecraft:stone":14},"minecraft:killed_by":{"minecraft:skeleton":1},"minecraft:crafted":{"minecraft:crafting_table":2,"minecraft:stick":8,"minecraft:cooked_chicken":3,"minecraft:wooden_pickaxe":1,"minecraft:stone_pickaxe":1,"minecraft:wooden_axe":1,"minecraft:furnace":1,"minecraft:white_bed":1,"minecraft:birch_planks":48,"minecraft:stone_axe":1,"minecraft:cooked_mutton":6}},"DataVersion":3953}