{"stats":{"minecraft:picked_up":{"minecraft:birch_log":5,"minecraft:cooked_mutton":1,"minecraft:stick":1,"minecraft:rotten_flesh":1,"minecraft:wheat_seeds":2,"minecraft:gunpowder":2,"minecraft:dirt":26},"minecraft:killed":{"minecraft:zombie_villager":1},"minecraft:custom":{"minecraft:time_since_rest":163,"minecraft:crouch_one_cm":123,"minecraft:interact_with_furnace":2,"minecraft:play_time":8120,"minecraft:sprint_one_cm":36648,"minecraft:walk_one_cm":24260,"minecraft:damage_taken":3912,"minecraft:deaths":12,"minecraft:sneak_time":82,"minecraft:mob_kills":1,"minecraft:jump":208,"minecraft:damage_dealt":569,"minecraft:time_since_death":0,"minecraft:sleep_in_bed":1,"minecraft:total_world_time":8120,"minecraft:fall_one_cm":6143,"minecraft:fly_one_cm":25774},"minecraft:mined":{"minecraft:short_grass":5,"minecraft:birch_log":6,"minecraft:birch_leaves":2},"minecraft:crafted":{"minecraft:air":0,"minecraft:cooked_mutton":1},"minecraft:killed_by":{"minecraft:creeper":5,"minecraft:witch":1,"minecraft:zombie":1,"minecraft:player":5}},"DataVersion":3953}