{"stats":{"minecraft:used":{"minecraft:cooked_mutton":1,"minecraft:dirt":1},"minecraft:picked_up":{"minecraft:birch_log":12,"minecraft:cooked_mutton":1,"minecraft:rotten_flesh":2,"minecraft:dirt":1},"minecraft:custom":{"minecraft:time_since_rest":5868,"minecraft:interact_with_furnace":1,"minecraft:crouch_one_cm":54,"minecraft:play_time":8528,"minecraft:sprint_one_cm":32820,"minecraft:walk_one_cm":31907,"minecraft:damage_taken":305,"minecraft:deaths":1,"minecraft:sneak_time":9,"minecraft:jump":82,"minecraft:damage_dealt":30,"minecraft:time_since_death":5836,"minecraft:total_world_time":8528,"minecraft:fall_one_cm":2663,"minecraft:fly_one_cm":12030},"minecraft:mined":{"minecraft:short_grass":3,"minecraft:grass_block":1,"minecraft:birch_log":7},"minecraft:killed_by":{"minecraft:zombie":1},"minecraft:crafted":{"minecraft:birch_planks":40,"minecraft:cooked_mutton":1}},"DataVersion":3953}