{"stats":{"minecraft:used":{"minecraft:stone_sword":14,"minecraft:stone_pickaxe":2,"minecraft:birch_sapling":2,"minecraft:wooden_pickaxe":42,"minecraft:wooden_sword":1,"minecraft:crafting_table":3},"minecraft:picked_up":{"minecraft:birch_log":8,"minecraft:crafting_table":2,"minecraft:feather":2,"minecraft:chicken":1,"minecraft:porkchop":4,"minecraft:dirt":47,"minecraft:rotten_flesh":2,"minecraft:wheat_seeds":4,"minecraft:birch_sapling":3,"minecraft:cobblestone":19},"minecraft:dropped":{"minecraft:wheat_seeds":4},"minecraft:killed":{"minecraft:zombie":1,"minecraft:pig":2,"minecraft:chicken":1},"minecraft:custom":{"minecraft:time_since_rest":2275,"minecraft:sprint_one_cm":20832,"minecraft:damage_taken":1581,"minecraft:walk_one_cm":19849,"minecraft:mob_kills":4,"minecraft:drop":4,"minecraft:damage_dealt":1164,"minecraft:interact_with_crafting_table":6,"minecraft:fly_one_cm":32434,"minecraft:player_kills":4,"minecraft:crouch_one_cm":2045,"minecraft:play_time":10062,"minecraft:deaths":5,"minecraft:sneak_time":1531,"minecraft:jump":224,"minecraft:time_since_death":4339,"minecraft:sleep_in_bed":1,"minecraft:total_world_time":10062,"minecraft:fall_one_cm":4943},"minecraft:mined":{"minecraft:birch_log":5,"minecraft:birch_leaves":14,"minecraft:crafting_table":1,"minecraft:short_grass":19,"minecraft:grass_block":9,"minecraft:dirt":16,"minecraft:stone":19},"minecraft:killed_by":{"minecraft:zombie_villager":1,"minecraft:skeleton":1,"minecraft:spider":1,"minecraft:zombie":2},"minecraft:crafted":{"minecraft:wooden_sword":1,"minecraft:crafting_table":1,"minecraft:stick":8,"minecraft:wooden_pickaxe":1,"minecraft:stone_pickaxe":1,"minecraft:stone_sword":1,"minecraft:furnace":1,"minecraft:birch_planks":28,"minecraft:stone_axe":1}},"DataVersion":3953}